service,asb_control_id,feature_name,feature_supported_original,feature_enabled_by_default_original,status_2025,verdict_2025,azure_api_property,script_module,script_function,notes,severity,blast_radius,risk_rank
addds,IM-1,Local Authentication Methods for Data Plane Access,True,False,implemented,implemented,N/A — LIVE→UNKNOWN (no ARM property),,,LIVE→UNKNOWN: ADDDS supports Kerberos and NTLM local auth methods; NTLM can be restricted via fine-grained password policy but no ARM property to inspect remotely; verify via Azure Policy audit,High,Wide,6
addds,NS-1,Network Security Group Support,True,False,implemented,implemented,subnet(aadds-subnet).network_security_group,,,LIVE-DIRECT: NSG required on ADDDS dedicated subnet; NSG existence confirms compliance; do not validate individual rules (Microsoft-required rules are auto-applied),High,Wide,6
addds,LT-4,Azure Resource Logs,True,False,implemented,implemented,DiagnosticSettings(domainService.id).logs,,,"LIVE-DIRECT: ADDDS emits security audit logs (Kerberos auth, NTLM auth, LDAP bind); check DiagnosticSettings for log category enabled",High,Wide,6
apimanagement,IM-1,Azure AD Authentication Required for Data Plane Access,True,False,implemented,implemented,Microsoft.ApiManagement/service/authorizationServers,,,LIVE-DIRECT: API Management supports AAD/Entra ID OAuth2 for API data plane; configure via Authorization Servers or validate-jwt policy.,High,Wide,6
apimanagement,IM-8,Service Credential and Secrets Support Integration and Storage in Azure Key Vault,True,False,implemented,implemented,Microsoft.ApiManagement/service/namedValues,,,LIVE-DIRECT: API Management Named Values supports Azure Key Vault integration for secrets; configure via namedValues with keyVault references.,High,Wide,6
apimanagement,PA-7,Azure RBAC for Data Plane,True,False,implemented,implemented,Microsoft.ApiManagement/service,,,"LIVE-DIRECT: Azure RBAC supported for API Management data plane via built-in roles (API Management Service Reader, Contributor, Operator).",High,Wide,6
apimanagement,PA-8,Customer Lockbox,True,False,implemented,implemented,Microsoft.ApiManagement/service,,,LIVE-DIRECT: Azure API Management is listed in Customer Lockbox supported services; Source: https://learn.microsoft.com/en-us/azure/security/fundamentals/customer-lockbox-overview,High,Wide,6
apimanagement,LT-1,Microsoft Defender for Service / Product Offering,False,Not Applicable,now_applicable_native,now_applicable_native,,,,now_applicable_native: Microsoft Defender for APIs plan in Defender for Cloud provides full lifecycle protection for APIs in API Management. GA. Source: https://learn.microsoft.com/en-us/azure/defender-for-cloud/defender-for-apis-introduction,High,Wide,6
apimanagement,NS-2,Disable Public Network Access,True,False,implemented,implemented,Microsoft.ApiManagement/service/publicNetworkAccess,,,LIVE-DIRECT: API Management supports disabling public network access via publicNetworkAccess property (requires VNet integration or private endpoint).,High,Wide,6
apimanagement,PA-1,Local Admin Accounts,True,False,implemented,implemented,Microsoft.ApiManagement/service/users,,,LIVE-DIRECT: API Management supports built-in developer portal user accounts; restrict via AAD B2C integration; disable unused local accounts.,High,Wide,6
apimanagement,IM-1,Local Authentication Methods for Data Plane Access,True,False,implemented,implemented,Microsoft.ApiManagement/service/subscriptions,,,LIVE-DIRECT: API Management supports local subscription key authentication; implement alongside AAD/OAuth; disable local auth where enterprise SSO required.,High,Wide,6
apimanagement,IM-3,Managed Identities,True,False,implemented,implemented,Microsoft.ApiManagement/service/identity,,,"LIVE-DIRECT: API Management supports system-assigned and user-assigned managed identities for accessing Key Vault, backends, and other Azure services.",High,Wide,6
apimanagement,NS-1,Network Security Group Support,True,False,implemented,implemented,Microsoft.ApiManagement/service/virtualNetworkConfiguration,,,LIVE-DIRECT: API Management VNet integration (internal/external mode) supports NSG on the delegated subnet.,High,Wide,6
apimanagement,NS-2,Azure Private Link,True,False,implemented,implemented,Microsoft.ApiManagement/service/privateEndpointConnections,,,LIVE-DIRECT: Azure API Management supports Private Endpoints for inbound management plane and data plane access.,High,Wide,6
apimanagement,LT-4,Azure Resource Logs,True,False,implemented,implemented,Microsoft.ApiManagement/service/diagnostics,,,"LIVE-DIRECT: API Management supports diagnostic logs (GatewayLogs, WebSocketConnectionLogs) via Azure Monitor / Log Analytics.",High,Wide,6
apimanagement,IM-3,Service Principals,True,False,implemented,implemented,Microsoft.ApiManagement/service/identity,,,LIVE-DIRECT: API Management managed identity acts as service principal for AAD-based resource access; assign RBAC roles to the identity.,High,Wide,6
apimanagement,NS-1,Virtual Network Integration,True,False,implemented,implemented,Microsoft.ApiManagement/service/virtualNetworkConfiguration,,,LIVE-DIRECT: API Management supports VNet injection (internal/external mode) for full network isolation and private connectivity.,High,Wide,6
appgateway,NS-1,Web Application Firewall,True,False,implemented,implemented,webApplicationFirewallConfiguration.enabled+firewallMode / firewallPolicy,appgateway/ns_appgateway,check_ns1_waf,WAF inline Prevention mode OR firewall_policy linked (WAF v2) → PASS; Detection mode → FAIL; no WAF → FAIL,High,Wide,6
appgateway,NS-2,Azure Private Link,True,False,implemented,implemented,privateLinkConfigurations,appgateway/ns_appgateway,check_ns2_private_link,private_link_configurations non-empty → PASS (Private Link active on frontend),High,Wide,6
appgateway,NS-2,Disable Public Network Access,True,False,implemented,implemented,frontendIPConfigurations[*].publicIPAddress,appgateway/ns_appgateway,check_ns2_disable_public_access,No public_ip_address in any frontend_ip_configurations → PASS (private-only deployment),High,Wide,6
appgateway,IM-3,Use Azure AD Managed Identities for Azure Resource Authentication,True,False,implemented,implemented,identity.type,appgateway/im_appgateway,check_im3_managed_identities,identity present (SystemAssigned/UserAssigned) → PASS; used for KV certificate retrieval,High,Wide,6
appgateway,LT-4,Enable Logging for Azure Resources,True,False,implemented,implemented,DiagnosticSettings.logs[*].enabled,appgateway/lt_appgateway,check_lt4_resource_logs,MonitorManagementClient.diagnostic_settings.list(gw.id); any enabled log → PASS; key: AccessLog + FirewallLog,High,Wide,6
attestation,PA-7,Azure RBAC for Data Plane,True,False,implemented,implemented,Microsoft.Attestation/attestationProviders/*/read (RBAC assignment),,,LIVE-DIRECT: Azure RBAC controls who can create/manage attestation providers; check RBAC assignments on resource; Attestation Contributor/Reader built-in roles,High,Wide,6
attestation,LT-4,Azure Resource Logs,True,False,implemented,implemented,DiagnosticSettings(attestationProvider.id).logs,,,LIVE-DIRECT: Azure Attestation emits audit logs via Diagnostic Settings; check AuditEvent log category enabled,High,Wide,6
automation,NS-2,Disable Public Network Access,True,False,implemented,implemented,automationAccount.properties.publicNetworkAccess,,,LIVE-DIRECT: Azure Automation Account supports disabling public network access; check properties.publicNetworkAccess == Disabled,High,Wide,6
automation,IM-1,Local Authentication Methods for Data Plane Access,True,False,implemented,implemented,N/A — LIVE→behavior check,,,LIVE-DIRECT: Azure Automation supports local credential assets (stored username/password); customers should prefer Managed Identity over stored credentials; review credential asset usage for least-privilege compliance,High,Wide,6
automation,NS-2,Azure Private Link,True,False,implemented,implemented,automationAccount.properties.privateEndpointConnections,,,LIVE-DIRECT: Azure Automation Account supports private endpoints for webhook and management API traffic; check properties.privateEndpointConnections length > 0,High,Wide,6
automation,LT-4,Azure Resource Logs,True,False,implemented,implemented,DiagnosticSettings(automationAccount.id).logs,,,"LIVE-DIRECT: Azure Automation emits diagnostic logs (JobLogs, JobStreams, DscNodeStatus, AuditEvent); check DiagnosticSettings for at least one log category enabled",High,Wide,6
automation,NS-1,Virtual Network Integration,True,False,implemented,implemented,automationAccount.properties.privateEndpointConnections,,,LIVE-DIRECT: Azure Automation integrates with customer VNet via Hybrid Runbook Worker Group; check hybridRunbookWorkerGroup configured for private network execution; private endpoints also supported for PaaS control plane,High,Wide,6
azuredns,LT-1,Microsoft Defender for DNS,True,False,implemented,implemented,pricing.pricing_tier,azuredns/lt_azuredns,check_lt1_defender,Subscription-level check via SecurityCenter.pricings.get(scope='/subscriptions/{sub}' pricing_name='Dns'); Standard→PASS; Free→FAIL; handle ResourceNotFoundError (plan may be deprecated/merged in newer tenants),High,Wide,6
azuredns,LT-4,Azure Resource Logs,True,False,implemented,implemented,diagnostic_settings,azuredns/lt_azuredns,check_lt4_resource_logs,DiagnosticSettings on zone.id via MonitorManagementClient; key categories: QueryVolume/VirtualNetworkLinkWithRegistration/VirtualNetworkLink; any enabled log→PASS,High,Wide,6
azuredns,PA-7,Limit Access via RBAC — DNS Zone Management,True,Customer,conditional,conditional,zone.id (ARM RBAC),azuredns/pa_azuredns,check_pa7_rbac_data_plane,ARM RBAC enforced for DNS zone management (DNS Zone Contributor role); DNS query plane for Public zones is unauthenticated; customer must assign correct roles; UNKNOWN static,High,Wide,6
azurefirewall,NS-1,Threat Intelligence Mode,True,False,implemented,implemented,threatIntelMode,azurefirewall/ns_azurefirewall,check_ns1_threat_intel,threatIntelMode='Deny' → PASS; 'Alert' → FAIL (logs only); 'Off' → FAIL,High,Wide,6
azurefirewall,NS-1,Intrusion Detection and Prevention System (IDPS),True,False,conditional,conditional,sku.tier + idpsSettings.mode,azurefirewall/ns_azurefirewall,check_ns1_idps,Premium SKU + idpsSettings.mode='Deny' → PASS; Standard SKU → FAIL (IDPS not available); Premium + Alert/Off → FAIL,High,Wide,6
azurefirewall,LT-4,Azure Resource Logs,True,False,implemented,implemented,diagnosticSettings.logs[AzureFirewallApplicationRule + AzureFirewallNetworkRule],azurefirewall/lt_azurefirewall,check_lt4_resource_logs,DiagnosticSettings with AzureFirewallApplicationRule or AzureFirewallNetworkRule log category enabled → PASS,High,Wide,6
azurefirewall,NS-6,"IDPS — Intrusion Detection and Prevention System (ASB v2 gap, no v3 equivalent)",False,Not Applicable,conditional,conditional,Microsoft.Network/azureFirewalls/sku.tier,,,"conditional: ASB v2 NS-6 IDPS control has no direct MCSB v3 equivalent; Azure Firewall Premium tier includes signature-based IDPS (intrusion detection and prevention); Standard tier = gap. Check azureFirewalls/sku.tier — Premium=implemented, Standard=gap. Source: https://learn.microsoft.com/en-us/azure/firewall/premium-features",High,Wide,6
backup,IM-8,Service Credential and Secrets Support Integration and Storage in Azure Key Vault,True,False,implemented,implemented,vault.properties.encryption.keyVaultProperties.keyUri,,,LIVE-DIRECT: Azure Backup supports Key Vault for CMK encryption key management; check vault.properties.encryption.keyVaultProperties.keyUri is set,High,Wide,6
backup,NS-2,Disable Public Network Access,True,False,implemented,implemented,vault.properties.publicNetworkAccess,,,LIVE-DIRECT: Recovery Services Vault supports disabling public network access; check properties.publicNetworkAccess == Disabled,High,Wide,6
backup,NS-2,Azure Private Link,True,False,implemented,implemented,vault.properties.privateEndpointConnections,,,LIVE-DIRECT: Recovery Services Vault supports private endpoints for backup and restore traffic; check properties.privateEndpointConnections length > 0,High,Wide,6
backup,LT-4,Azure Resource Logs,True,False,implemented,implemented,DiagnosticSettings(vault.id).logs,,,"LIVE-DIRECT: Recovery Services Vault emits diagnostic logs (AzureBackupReport, CoreAzureBackup, AddonAzureBackupJobs etc.); check DiagnosticSettings for at least one log category enabled",High,Wide,6
bastion,NS-1,Network Security Group Support,True,False,implemented,implemented,subnet(AzureBastionSubnet).network_security_group,bastion/ns_bastion,check_ns1_nsg,LIVE-DIRECT: check NSG existence on AzureBastionSubnet; NSG present → PASS; absent → FAIL; do NOT validate individual rules (prescriptive); cross-ref via subnets.get(rg vnet AzureBastionSubnet) parsed from bastion.ip_configurations[0].subnet.id,High,Wide,6
bastion,NS-1,Virtual Network Integration,True,False,implemented,implemented,subnet_name + subnet.address_prefix,bastion/ns_bastion,check_ns1_vnet,LIVE-DIRECT: subnet_name == 'AzureBastionSubnet' AND CIDR prefix <= /26; Azure enforces name but not always size; PASS if both conditions met; FAIL if wrong name or too small (/27 etc),High,Wide,6
bastion,NS-2,Disable Public Network Access,False,Not Applicable,conditional,conditional,Microsoft.Network/bastionHosts/sku.name,bastion/ns_bastion,check_ns2_disable_public,"conditional: Azure Bastion Private-only deployment (Premium SKU) eliminates public IP requirement. Standard tier still requires public IP. Check bastionHosts.sku.name — Premium=conditional, Standard=public required. Source: https://learn.microsoft.com/en-us/azure/bastion/private-only-deployment",High,Wide,6
bastion,IM-8,Service Credential and Secrets Support Integration in Azure Key Vault,True,False,implemented,implemented,N/A — LIVE→UNKNOWN (no ARM property),bastion/im_bastion,check_im8_keyvault_secrets,LIVE→UNKNOWN: SSH private keys can be stored in KV for Bastion native client SSH sessions; connection-time behavioral pattern; no ARM property on BastionHost to inspect; same as DP-6,High,Wide,6
bastion,LT-4,Azure Resource Logs,True,False,implemented,implemented,DiagnosticSettings(bastion.id).logs[BastionAuditLogs],bastion/lt_bastion,check_lt4_resource_logs,LIVE-DIRECT: BastionAuditLogs records user identity/source IP/target VM/session duration; check category 'BastionAuditLogs' enabled in DiagSettings; SDK: azure-mgmt-monitor,High,Wide,6
botservice,IM-1,Azure AD Authentication Required for Data Plane Access,True,False,implemented,implemented,N/A — microsoft_managed PASS static,,,microsoft_managed: Azure Bot Service enforces AAD authentication for management plane; data plane channel auth uses AAD tokens,High,Wide,6
botservice,IM-8,Service Credential and Secrets Support Integration and Storage in Azure Key Vault,True,False,implemented,implemented,N/A — LIVE→UNKNOWN (no ARM property),,,LIVE→UNKNOWN: Bot Service credentials (MSA app secret) can be stored in Key Vault; no ARM property on bot resource to verify KV usage; behavioral pattern,High,Wide,6
botservice,NS-2,Disable Public Network Access,True,False,implemented,implemented,botService.properties.publicNetworkAccess,,,LIVE-DIRECT: check properties.publicNetworkAccess == Disabled,High,Wide,6
botservice,IM-1,Local Authentication Methods for Data Plane Access,True,False,implemented,implemented,N/A — LIVE→UNKNOWN,,,LIVE→UNKNOWN: Bot Service supports local auth methods (MSA password); customers should prefer MI over passwords; no ARM property to verify local auth disabled,High,Wide,6
botservice,IM-3,Managed Identities,True,False,implemented,implemented,botService.properties.msaAppMSIResourceId,,,LIVE-DIRECT: Bot Service supports system-assigned MI for downstream service calls; check identity.type == SystemAssigned,High,Wide,6
botservice,NS-1,Network Security Group Support,True,False,implemented,implemented,botService.properties.endpoint,,,LIVE-DIRECT: Bot Service can be deployed with VNet integration; NSG governs traffic; check if privateEndpointConnections present or endpoint is internal,High,Wide,6
botservice,NS-2,Azure Private Link,True,False,implemented,implemented,botService.properties.privateEndpointConnections,,,LIVE-DIRECT: Bot Service supports private endpoints via Direct Line App Service extension; check privateEndpointConnections length > 0,High,Wide,6
botservice,LT-4,Azure Resource Logs,True,False,implemented,implemented,DiagnosticSettings(botService.id).logs,,,LIVE-DIRECT: Bot Service emits BotRequest diagnostic logs; check DiagnosticSettings for BotRequest category enabled,High,Wide,6
botservice,IM-3,Service Principals,True,False,implemented,implemented,botService.properties.msaAppId,,,LIVE-DIRECT: Bot Service authenticates via SP (MSA App ID); check properties.msaAppId is set and not empty,High,Wide,6
botservice,NS-1,Virtual Network Integration,True,False,implemented,implemented,botService.properties.endpoint,,,LIVE-DIRECT: Bot Service supports VNet integration via App Service hosting; check endpoint is internal or private endpoint exists,High,Wide,6
cloudshell,NS-1,Virtual Network Integration,True,False,implemented,implemented,cloudShell.properties.networkProfile.subnetId,,,LIVE-DIRECT: Cloud Shell supports VNet injection (isolated mode) via linked storage and VNet configuration; check networkProfile.subnetId is set,High,Wide,6
customerlockbox,PA-8,Customer Lockbox,True,False,implemented,implemented,subscription.properties.features.customerLockbox,,,LIVE-DIRECT: Customer Lockbox IS the PA-8 control; check Lockbox is enabled at subscription level; approval workflow enforces least-privilege for Microsoft support access requests; verify customerLockbox feature enabled via Security Center API,High,Wide,6
ddosprotection,NS-1,Virtual Network Integration — DDoS Plan VNet Coverage,True,False,implemented,implemented,virtual_networks,ddosprotection/ns_ddosprotection,check_ns1_vnet_coverage,virtual_networks list non-empty → plan protecting VNets → PASS; empty list → plan exists but not protecting anything → FAIL (paying for unused protection),High,Wide,6
ddosprotection,LT-4,Azure Resource Logs,True,False,implemented,implemented,diagnosticSettings.logs + metrics,ddosprotection/lt_ddosprotection,check_lt4_resource_logs,DiagnosticSettings on plan with any enabled log or metric → PASS; primary DDoS telemetry (flow logs/notifications) also on Public IP resources,High,Wide,6
frontdoor,IM-8,Restrict Credential/Secret Exposure — Azure Key Vault,True,False,implemented,implemented,frontend_endpoints[*].custom_https_configuration.certificate_source,frontdoor/im_frontdoor,check_im8_keyvault_secrets,Live: same KV cert path as DP-7; AzureKeyVault cert source → PASS (KV manages cert lifecycle); no HTTPS or no KV → FAIL,High,Wide,6
frontdoor,LT-4,Azure Resource Logs,True,False,implemented,implemented,diagnostic_settings,frontdoor/lt_frontdoor,check_lt4_resource_logs,Live: DiagnosticSettings on fd.id; any enabled log → PASS; key categories: FrontdoorAccessLog/FrontdoorWebApplicationFirewallLog,High,Wide,6
frontdoor,PA-7,Limit Access via RBAC — AFD Management,False,Not Applicable,conditional,conditional,fd.id (ARM RBAC),frontdoor/pa_frontdoor,check_pa7_rbac_data_plane,ARM RBAC enforced for AFD management; built-in role: Front Door Profile Reader; customer must assign; not checkable via read-only ARM without RBAC enumeration; UNKNOWN static,High,Wide,6
networkwatcher,IM-1,Azure AD Authentication Required for Data Plane Access,True,False,implemented,implemented,platform (ARM enforces Entra ID auth),networkwatcher/im_networkwatcher,check_im1_aad_auth_required,feature_supported=True → PASS static (microsoft_managed); NW operations exclusively use ARM RBAC with Entra ID; no local auth possible,High,Wide,6
networkwatcher,PA-7,Azure RBAC for Data Plane,True,False,implemented,implemented,platform (ARM RBAC — Network Watcher Contributor role),networkwatcher/pa_networkwatcher,check_pa7_rbac_data_plane,feature_supported=True → PASS static; NW operations governed by ARM RBAC (Network Watcher Contributor built-in role); microsoft enforced,High,Wide,6
privatelink,NS-1,Network Security Group Support,True,False,implemented,implemented,subnet.private_endpoint_network_policies,privatelink/ns_privatelink,check_ns1_nsg,LIVE-DIRECT: check subnet.private_endpoint_network_policies for PE subnet; default='Disabled' (NSG bypassed — most deployments FAIL); PASS if 'Enabled' or 'NetworkSecurityGroupEnabled'; cross-ref via subnets.get(rg vnet subnet) parsed from endpoint.subnet.id,High,Wide,6
publicip,NS-1,Standard SKU (Secure-by-Default),True,False,implemented,implemented,sku.name,publicip/ns_publicip,check_ns1_sku,Standard SKU → PASS (closed-by-default; zone-redundant); Basic → FAIL (deprecated Sep 2025; open-by-default),High,Wide,6
publicip,NS-1,Virtual Network Integration — IP Attachment Status,True,False,implemented,implemented,ipConfiguration,publicip/ns_publicip,check_ns1_vnet,ip_configuration present → IP attached to VNet resource → PASS; None → orphaned IP (security risk) → FAIL,High,Wide,6
publicip,LT-4,Azure Resource Logs,True,False,implemented,implemented,diagnosticSettings.logs + metrics (DDoSProtectionNotifications / AllMetrics),publicip/lt_publicip,check_lt4_resource_logs,DiagnosticSettings with any enabled log (DDoSProtectionNotifications etc.) or metric → PASS,High,Wide,6
redis,IM-7,Conditional Access for Data Plane,False,Not Applicable,conditional_unknown,conditional,see script,im_redis,check_im7_conditional_access,"Since Entra ID auth is GA for Redis (Nov 2024), Azure AD Conditional Access policies do apply to the Entra authentication flow for Redis data plane access. However CA policies are configured in Entra ID / Microsoft Graph — not in the Redis ARM resource. Not checkable via azure-mgmt-redis SDK. Requires IM-1 (Entra auth) to be enabled first. Script not feasible via Redis ARM alone.",High,Wide,6
redis,NS-1,Network Security Group Support,True,False,implemented,implemented,Microsoft.Cache/Redis/properties/subnetId,ns_redis,check_ns1_nsg,LIVE-DIRECT: Azure Cache for Redis (Premium/Enterprise) supports VNet injection with NSG on the delegated subnet.,High,Wide,6
redis,NS-2,Azure Private Link,True,False,implemented,implemented,Microsoft.Cache/Redis/properties/privateEndpointConnections,ns_redis,check_ns2_private_link,LIVE-DIRECT: Azure Cache for Redis (Premium/Enterprise) supports Private Endpoint for private connectivity.,High,Wide,6
redis,LT-4,Azure Resource Logs,True,False,implemented,implemented,Microsoft.Cache/Redis/diagnosticSettings,lt_redis,check_lt4_resource_logs,"LIVE-DIRECT: Azure Cache for Redis supports diagnostic logs (connection events, cache activity) via Azure Monitor.",High,Wide,6
redis,NS-1,Virtual Network Integration,True,False,implemented,implemented,Microsoft.Cache/Redis/properties/subnetId,ns_redis,check_ns1_nsg,LIVE-DIRECT: Azure Cache for Redis (Premium/Enterprise) supports VNet injection for network isolation.,High,Wide,6
servicebus,NS-1,Network Security Group Support,True,False,implemented,implemented,namespaces.get_network_rule_set().default_action,servicebus/ns_servicebus,check_ns1_nsg,Network rule set default_action=Deny → network-level control PASS; SB not subnet-injected so NSG proxy via rule set,High,Wide,6
servicebus,NS-1,Virtual Network Integration,True,False,implemented,implemented,namespaces.get_network_rule_set().virtual_network_rules / privateEndpointConnections,servicebus/ns_servicebus,check_ns1_vnet,Premium-only; non-Premium → UNKNOWN; Premium without VNet rules or private endpoints → FAIL,High,Wide,6
servicebus,NS-2,Azure Private Link,True,False,implemented,implemented,privateEndpointConnections,servicebus/ns_servicebus,check_ns2_private_link,At least one Approved private endpoint connection embedded in namespace object → PASS,High,Wide,6
servicebus,NS-2,Disable Public Network Access,True,False,implemented,implemented,publicNetworkAccess / namespaces.get_network_rule_set().default_action,servicebus/ns_servicebus,check_ns2_disable_public_access,PASS if public_network_access=Disabled OR network rule set default_action=Deny,High,Wide,6
servicebus,IM-3,Use Azure AD Managed Identities for Azure Resource Authentication,True,False,implemented,implemented,identity.type,servicebus/im_servicebus,check_im3_managed_identities,namespace.identity present (SystemAssigned/UserAssigned) → PASS proxy; no identity → FAIL,High,Wide,6
servicebus,IM-3,Use Azure AD Service Principals for Azure Resource Authentication,True,False,implemented,implemented,disableLocalAuth,servicebus/im_servicebus,check_im3_service_principals,disable_local_auth=True → Entra/RBAC enforced → SP assignments supported → PASS proxy,High,Wide,6
servicebus,LT-4,Enable Logging for Azure Resources,True,False,implemented,implemented,DiagnosticSettings.logs[*].enabled,servicebus/lt_servicebus,check_lt4_resource_logs,MonitorManagementClient.diagnostic_settings.list(ns.id); any enabled log category → PASS,High,Wide,6
siterecovery,IM-1,Azure AD Authentication Required for Data Plane Access,True,False,implemented,implemented,N/A — microsoft_managed PASS static,,,microsoft_managed: Azure Site Recovery enforces AAD authentication for all vault management and replication API calls; always enabled; not customer-configurable,High,Wide,6
siterecovery,PA-7,Azure RBAC for Data Plane,True,False,implemented,implemented,Microsoft.RecoveryServices/vaults/*/read (RBAC assignment),,,"LIVE-DIRECT: Azure Site Recovery has built-in RBAC roles (Site Recovery Operator, Contributor, Reader); check RBAC role assignments on vault for SR-specific roles",High,Wide,6
siterecovery,NS-2,Azure Private Link,True,False,implemented,implemented,vault.properties.privateEndpointConnections,,,LIVE-DIRECT: Recovery Services Vault supports private endpoints for SR replication traffic; check properties.privateEndpointConnections length > 0,High,Wide,6
siterecovery,LT-4,Azure Resource Logs,True,False,implemented,implemented,DiagnosticSettings(vault.id).logs,,,"LIVE-DIRECT: Recovery Services Vault emits Site Recovery diagnostic logs (AzureSiteRecoveryJobs, AzureSiteRecoveryEvents, AzureSiteRecoveryReplicatedItems etc.); check DiagnosticSettings for SR log categories enabled",High,Wide,6
siterecovery,IM-3,Service Principals,True,False,implemented,implemented,automationAccount.properties.servicePrincipalId,,,LIVE-DIRECT: Site Recovery creates an Automation Account with a Run As service principal for update management and DR automation; check linked Automation Account for active service principal,High,Wide,6
spatialanchors,IM-1,Azure AD Authentication Required for Data Plane Access,True,False,implemented,implemented,N/A — microsoft_managed PASS static,,,microsoft_managed: Azure Spatial Anchors enforces AAD auth for anchor management API (create/read/update/delete); deprecated November 2024,High,Wide,6
spatialanchors,PA-7,Azure RBAC for Data Plane,True,False,implemented,implemented,Microsoft.MixedReality/spatialAnchorsAccounts/*/read (RBAC assignment),,,LIVE-DIRECT: Azure RBAC controls anchor account access; Spatial Anchors Account Owner/Contributor built-in roles; deprecated November 2024,High,Wide,6
spatialanchors,IM-3,Service Principals,True,False,implemented,implemented,N/A — microsoft_managed PASS static,,,microsoft_managed: Service Principals supported for Spatial Anchors auth via AAD app registration; deprecated November 2024,High,Wide,6
universalprint,PA-7,Azure RBAC for Data Plane,True,False,implemented,implemented,Microsoft.Print/printers/*/read (RBAC assignment),,,LIVE-DIRECT: Universal Print uses Azure RBAC for printer management; Printer Administrator built-in role; check RBAC assignments on printer resources,High,Wide,6
vpngateway,IM-1,Azure AD Authentication Required for Data Plane Access,True,False,implemented,implemented,vpn_client_configuration.vpn_auth_types,vpngateway/im_vpngateway,check_im1_aad_auth_required,P2S VPN supports AAD auth (Entra ID); check vpn_auth_types for 'AAD'; S2S-only gateways return UNKNOWN (P2S not configured),High,Wide,6
vpngateway,IM-7,Conditional Access for Data Plane,True,False,conditional,conditional,N/A — Entra ID level; not ARM-checkable,vpngateway/im_vpngateway,check_im7_conditional_access,CA supported for P2S+AAD at Entra ID level; CA policies in Entra ID not VPN GW ARM resource; not checkable via read-only ARM without Graph API scope,High,Wide,6
waf,NS-1,Network Security Group Support,True,False,implemented,implemented,ag.gateway_ip_configurations[0].subnet → subnet.network_security_group,waf/ns_waf,check_ns1_nsg,LIVE-INDIRECT: cross-reference App GW subnet for NSG; no AGs linked → UNKNOWN; classic inline WAF (no firewall_policy.id) not reachable via WAF policy,High,Wide,6
waf,NS-2,Azure Private Link,True,False,implemented,implemented,ag.private_link_configurations,waf/ns_waf,check_ns2_private_link,LIVE-INDIRECT: App GW private_link_configurations; non-empty → PASS; AFD Premium Private Link for WAF-linked origins covered separately,High,Wide,6
waf,NS-2,Disable Public Network Access,True,False,implemented,implemented,ag.frontend_ip_configurations,waf/ns_waf,check_ns2_disable_public,LIVE-INDIRECT: App GW frontend_ip_configurations; public IP present → FAIL; private-only → PASS,High,Wide,6
waf,LT-1,Microsoft Defender for Service,True,False,implemented,implemented,SecurityCenter.pricings(AppServices).pricing_tier,waf/lt_waf,check_lt1_defender,LIVE-SUB: SecurityCenter pricings AppServices Standard → WAF alerts surface in Defender for Cloud; Free → FAIL,High,Wide,6
waf,LT-4,Azure Resource Logs,True,False,implemented,implemented,diagnostic_settings.list(ag.id) → ApplicationGatewayFirewallLog,waf/lt_waf,check_lt4_resource_logs,LIVE-INDIRECT: DiagSettings on App Gateway (NOT on WAF policy.id — policy emits no logs); category ApplicationGatewayFirewallLog,High,Wide,6
addds,DP-3,Data in Transit Encryption,True,False,implemented,implemented,N/A — microsoft_managed PASS static,,,microsoft_managed: ADDDS enforces LDAPS (TCP 636) and Kerberos over TLS for data in transit; platform-configured; customers must configure LDAPS cert but TLS is enforced,Medium,Wide,4
apimanagement,AM-2,Azure Policy Support,True,False,implemented,implemented,Microsoft.ApiManagement/service,,,"LIVE-DIRECT: Azure Policy built-in definitions available for API Management; enforce HTTPS-only, named values encryption, etc.",Medium,Wide,4
apimanagement,DP-7,Certificate Management in Azure Key Vault,True,False,implemented,implemented,Microsoft.ApiManagement/service/certificates,,,LIVE-DIRECT: API Management supports custom SSL/TLS certificates managed and auto-renewed via Azure Key Vault.,Medium,Wide,4
apimanagement,DP-3,Data in Transit Encryption,True,True,implemented,implemented,,,,microsoft_managed: API Management enforces TLS 1.2+ for all data plane communications by default.,Medium,Wide,4
apimanagement,DP-6,Key Management in Azure Key Vault,True,False,implemented,implemented,Microsoft.ApiManagement/service/namedValues,,,LIVE-DIRECT: API Management Named Values can reference Key Vault secrets for encryption key and credential management scenarios.,Medium,Wide,4
apimanagement,BR-1,Service Native Backup Capability,True,False,implemented,implemented,Microsoft.ApiManagement/service/backup,,,"LIVE-DIRECT: API Management has built-in backup/restore capability via management REST API; backs up service config, APIs, products, subscriptions.",Medium,Wide,4
appgateway,DP-3,Encrypt Data in Transit — Frontend SSL Policy,True,False,implemented,implemented,sslPolicy.minProtocolVersion,appgateway/dp_appgateway,check_dp3_tls_transit,ssl_policy.min_protocol_version in (TLSv1_2 / TLSv1_3) → PASS; None → FAIL (allows TLS 1.0/1.1),Medium,Wide,4
appgateway,DP-3,Encrypt Data in Transit — Backend TLS,True,False,implemented,implemented,backendHttpSettingsCollection[*].protocol,appgateway/dp_appgateway,check_dp3_tls_backend,All backend_http_settings_collection[*].protocol=Https → PASS; any Http → FAIL,Medium,Wide,4
appgateway,AM-2,Use Only Approved Azure Services — Azure Policy Support,True,False,implemented,implemented,tags,appgateway/am_appgateway,check_am2_policy,Tags presence as proxy for policy governance; empty tags → FAIL,Medium,Wide,4
automation,DP-7,Certificate Management in Azure Key Vault,True,False,implemented,implemented,automationAccount.properties.encryption.keyVaultProperties.keyUri,,,LIVE-DIRECT: Azure Automation supports certificate assets referencing Key Vault for runbook authentication; check encryption keyVaultProperties for active KV reference,Medium,Wide,4
automation,DP-5,Data at Rest Encryption Using CMK,True,False,implemented,implemented,automationAccount.properties.encryption.keySource,,,LIVE-DIRECT: Azure Automation Account supports CMK for encrypting stored assets; check properties.encryption.keySource == Microsoft.Keyvault,Medium,Wide,4
automation,DP-6,Key Management in Azure Key Vault,True,False,implemented,implemented,automationAccount.properties.encryption.keyVaultProperties.keyUri,,,LIVE-DIRECT: Azure Automation supports CMK key rotation via Key Vault; check properties.encryption.keyVaultProperties.keyUri for active KV reference,Medium,Wide,4
azuredns,AM-2,Use Only Approved Azure Services — Azure Policy,True,False,implemented,implemented,zone.tags,azuredns/am_azuredns,check_am2_policy,Tags proxy for Azure Policy governance; tags present→PASS; empty tags→FAIL; note auto-provisioned zones in system RGs may lack tags,Medium,Wide,4
azurefirewall,DP-3,Data in Transit Encryption — TLS Inspection,True,False,conditional,conditional,transportSecurity.certificateAuthority,azurefirewall/dp_azurefirewall,check_dp3_tls_transit,Premium SKU + transport_security.certificate_authority set → PASS; Standard → UNKNOWN (TLS inspection not available),Medium,Wide,4
azurefirewall,DP-7,Certificate Management in Azure Key Vault,True,False,implemented,implemented,transportSecurity.certificateAuthority.keyVaultSecretId,azurefirewall/dp_azurefirewall,check_dp7_cert_kv,Premium SKU; intermediate CA cert lifecycle managed in Key Vault; key_vault_secret_id set → PASS,Medium,Wide,4
azurefirewall,AM-2,Azure Policy Support,True,False,implemented,implemented,tags,azurefirewall/am_azurefirewall,check_am2_policy,Resource tags present → PASS proxy for policy governance; no tags → FAIL,Medium,Wide,4
backup,DP-7,Certificate Management in Azure Key Vault,True,False,implemented,implemented,vault.properties.encryption.keyVaultProperties.keyUri,,,LIVE-DIRECT: Azure Backup supports certificate-based key management via KV; check encryption keyVaultProperties.keyUri for active KV reference,Medium,Wide,4
backup,DP-5,Data at Rest Encryption Using CMK,True,False,implemented,implemented,vault.properties.encryption.keyVaultProperties.keyUri,,,LIVE-DIRECT: Recovery Services Vault supports CMK via customer-managed key in Key Vault; check properties.encryption.infrastructureEncryptionState and keyVaultProperties.keyUri,Medium,Wide,4
backup,DP-2,Data Leakage/Loss Prevention,True,False,implemented,implemented,vault.properties.securitySettings.immutabilitySettings.state,,,LIVE-DIRECT: Azure Backup supports immutable vaults (WORM-protected backup data); check properties.securitySettings.immutabilitySettings.state — Locked or Unlocked = configured; Disabled = not configured,Medium,Wide,4
backup,DP-6,Key Management in Azure Key Vault,True,False,implemented,implemented,vault.properties.encryption.keyVaultProperties.keyUri,,,LIVE-DIRECT: Azure Backup supports CMK key rotation via Key Vault; check keyVaultProperties.keyUri for active KV reference; CMK enables key revocation for data access control,Medium,Wide,4
bastion,DP-6,Key Management in Azure Key Vault,True,False,implemented,implemented,N/A — LIVE→UNKNOWN (no ARM property),bastion/dp_bastion,check_dp6_key_mgmt,LIVE→UNKNOWN: SSH keys can be stored in KV for Bastion native client sessions; connection-time behavioral pattern; no ARM property on BastionHost to inspect; verify via Azure Policy audit or manual review,Medium,Wide,4
bastion,AM-2,Azure Policy Support,True,False,implemented,implemented,bastion.tags,bastion/am_bastion,check_am2_policy,LIVE-DIRECT: tags proxy for Azure Policy governance; bastion.tags non-empty → PASS; empty → FAIL,Medium,Wide,4
botservice,AM-2,Azure Policy Support,True,False,implemented,implemented,botService.tags,,,LIVE-DIRECT: tags proxy for Azure Policy governance; botService.tags non-empty → PASS,Medium,Wide,4
botservice,DP-5,Data at Rest Encryption Using CMK,True,False,implemented,implemented,N/A — LIVE→UNKNOWN (no ARM property),,,LIVE→UNKNOWN: Bot Service supports CMK via customer-managed key in Key Vault; no ARM property directly on bot resource to verify; check Key Vault integration,Medium,Wide,4
botservice,DP-6,Key Management in Azure Key Vault,True,False,implemented,implemented,N/A — LIVE→UNKNOWN (no ARM property),,,LIVE→UNKNOWN: Bot Service can use Key Vault for key management; no ARM property on bot resource to verify; behavioral pattern,Medium,Wide,4
ddosprotection,AM-2,Azure Policy Support,True,False,implemented,implemented,tags,ddosprotection/am_ddosprotection,check_am2_policy,Resource tags present → PASS proxy for policy governance; no tags → FAIL,Medium,Wide,4
firewallmanager,DP-7,Certificate Management in Azure Key Vault,True,False,implemented,implemented,transport_security.certificate_authority.key_vault_secret_id,firewallmanager/dp_firewallmanager,check_dp7_cert_kv,LIVE: Premium + KV cert ref set → PASS; Premium no cert → FAIL; Standard/Basic → UNKNOWN (TLS inspection is Premium-only),Medium,Wide,4
firewallmanager,AM-2,Azure Policy Support,True,False,implemented,implemented,tags,firewallmanager/am_firewallmanager,check_am2_policy,Resource tags present → PASS proxy; no tags → FAIL,Medium,Wide,4
frontdoor,DP-7,Certificate Management in Azure Key Vault,True,False,implemented,implemented,frontend_endpoints[*].custom_https_configuration.certificate_source,frontdoor/dp_frontdoor,check_dp7_cert_kv,Live: iterate frontend_endpoints; AzureKeyVault→PASS; FrontDoor-managed cert→PASS; no HTTPS→FAIL; early-FAIL pattern,Medium,Wide,4
lighthouse,AM-2,Azure Policy Support,True,False,implemented,implemented,registrationDefinition.properties.authorizations[roleDefinitionId],,,LIVE-DIRECT: Azure Lighthouse enables cross-tenant Azure Policy delegation; check registrationDefinition.properties.authorizations contains Policy Contributor or Policy Insights Data Reader role for MSP; enables policy assignment and audit across customer tenant,Medium,Wide,4
networkwatcher,DP-4,Data at Rest Encryption Using Platform Keys,True,False,implemented,implemented,platform (microsoft-managed keys),networkwatcher/dp_networkwatcher,check_dp4_platform_keys,NW resource metadata encrypted at rest by platform-managed keys by default → PASS static (microsoft_managed),Medium,Wide,4
networkwatcher,AM-2,Azure Policy Support,True,False,implemented,implemented,tags,networkwatcher/am_networkwatcher,check_am2_policy,Resource tags present → PASS proxy for policy governance; no tags → FAIL (note: NW auto-provisions as NetworkWatcher_<region> — tag via Azure Policy),Medium,Wide,4
privatelink,AM-2,Azure Policy Support,True,False,implemented,implemented,endpoint.tags,privatelink/am_privatelink,check_am2_policy,LIVE-DIRECT: tags proxy for Azure Policy governance; tags non-empty → PASS; empty → FAIL,Medium,Wide,4
publicip,AM-2,Azure Policy Support,True,False,implemented,implemented,tags,publicip/am_publicip,check_am2_policy,Resource tags present → PASS proxy for policy governance; no tags → FAIL,Medium,Wide,4
redis,AM-2,Azure Policy Support,True,False,implemented,implemented,Microsoft.Cache/Redis,am_redis,check_am2_policy,LIVE-DIRECT: Azure Policy built-in definitions available for Azure Cache for Redis compliance.,Medium,Wide,4
redis,DP-5,Data at Rest Encryption Using CMK,False,Not Applicable,conditional_unknown,conditional,properties.encryption.customerManagedKeyEncryption.keyEncryptionKeyUrl (Microsoft.Cache/redisEnterprise),dp_redis,check_dp5_cmk,"CMK disk encryption GA Feb 2024 for Enterprise and Enterprise Flash tiers ONLY. Basic/Standard/Premium use Microsoft-managed keys only; CMK not supported on those tiers. Enterprise check via Microsoft.Cache/redisEnterprise resource. If org uses only Basic/Standard/Premium, verdict is still_not_applicable.",Medium,Wide,4
redis,DP-6,Key Management in Azure Key Vault,False,Not Applicable,conditional_unknown,conditional,properties.encryption.customerManagedKeyEncryption.keyEncryptionKeyUrl (Microsoft.Cache/redisEnterprise),dp_redis,check_dp6_key_management_kv,Azure Key Vault integration for key management (CMK) GA Feb 2024 for Enterprise and Enterprise Flash tiers. Enterprise tier uses KV to store key encryption keys (KEK) for disk encryption. Basic/Standard/Premium: no KV key management integration. Same tier restriction as DP-5.,Medium,Wide,4
servicebus,DP-3,Encrypt Data in Transit,True,False,implemented,implemented,minimumTlsVersion,servicebus/dp_servicebus,check_dp3_tls_transit,minimum_tls_version in (1.2 / 1.3) → PASS,Medium,Wide,4
servicebus,DP-5,Encrypt Data at Rest with Customer-Managed Key,True,False,implemented,implemented,encryption.keySource,servicebus/dp_servicebus,check_dp5_cmk,Premium SKU only; encryption.key_source=Microsoft.KeyVault → PASS; non-Premium → UNKNOWN; Premium without CMK → FAIL,Medium,Wide,4
servicebus,DP-7,Certificate Management using Azure Key Vault,False,Not Applicable,not_applicable_managed,conditional,N/A (Microsoft-managed infrastructure),servicebus/dp_servicebus,check_dp7_cert_kv,SB TLS certs are Microsoft-managed infrastructure; customer cert management via KV not ARM-readable → UNKNOWN,Medium,Wide,4
servicebus,AM-2,Use Only Approved Azure Services — Azure Policy Support,True,False,implemented,implemented,tags,servicebus/am_servicebus,check_am2_policy,Tags presence as proxy for policy governance; empty tags → FAIL,Medium,Wide,4
siterecovery,AM-2,Azure Policy Support,True,False,implemented,implemented,vault.tags,,,LIVE-DIRECT: tags proxy for Azure Policy governance on Recovery Services Vault; vault.tags non-empty and compliant → PASS,Medium,Wide,4
siterecovery,DP-7,Certificate Management in Azure Key Vault,True,False,implemented,implemented,vault.properties.encryption.keyVaultProperties.keyUri,,,LIVE-DIRECT: Site Recovery supports certificate management via KV for replication channel security; check encryption keyVaultProperties for active KV reference,Medium,Wide,4
siterecovery,DP-5,Data at Rest Encryption Using CMK,True,False,implemented,implemented,vault.properties.encryption.keyVaultProperties.keyUri,,,LIVE-DIRECT: Site Recovery vault supports CMK for encrypting replication data; check vault.properties.encryption.keyVaultProperties.keyUri is set,Medium,Wide,4
siterecovery,DP-6,Key Management in Azure Key Vault,True,False,implemented,implemented,vault.properties.encryption.keyVaultProperties.keyUri,,,LIVE-DIRECT: Customer-managed key rotation via Key Vault supported for SR vault; check keyVaultProperties.keyUri for active KV reference,Medium,Wide,4
spatialanchors,AM-2,Azure Policy Support,True,False,implemented,implemented,spatialAnchorsAccount.tags,,,LIVE-DIRECT: tags proxy for Azure Policy governance; deprecated November 2024,Medium,Wide,4
vpngateway,AM-2,Azure Policy Support,True,False,implemented,implemented,gateway.tags,vpngateway/am_vpngateway,check_am2_policy,Tags proxy for Azure Policy governance; tags present → PASS; empty → FAIL,Medium,Wide,4
waf,DP-1,Sensitive Data Discovery and Classification,True,False,implemented,implemented,policy.policy_settings.log_scrubbing.state,waf/dp_waf,check_dp1_log_scrubbing,LIVE-DIRECT: WAF Log Scrubbing tool masks PII in WAF logs; log_scrubbing.state=='Enabled' → PASS; None (old SDK) → UNKNOWN,Medium,Wide,4
waf,DP-3,Data in Transit Encryption,True,False,implemented,implemented,ag.ssl_policy.min_protocol_version,waf/dp_waf,check_dp3_tls_transit,LIVE-INDIRECT: App GW ssl_policy.min_protocol_version; TLSv1_2/TLSv1_3 → PASS; None/TLSv1_0/TLSv1_1 → FAIL,Medium,Wide,4
waf,DP-7,Certificate Management in Azure Key Vault,True,False,implemented,implemented,ag.ssl_certificates[].key_vault_secret_id,waf/dp_waf,check_dp7_cert_kv,LIVE-INDIRECT: App GW ssl_certificates[].key_vault_secret_id; KV-backed cert present → PASS; all direct-upload certs → FAIL,Medium,Wide,4
waf,AM-2,Azure Policy Support,True,False,implemented,implemented,policy.tags,waf/am_waf,check_am2_policy,LIVE-DIRECT: tags proxy for Azure Policy governance; tags non-empty → PASS; empty → FAIL,Medium,Wide,4
addds,NS-1,Virtual Network Integration,True,True,implemented,implemented,N/A — microsoft_managed PASS static,,,microsoft_managed: ADDDS deploys into a dedicated subnet in customer VNet; VNet integration is required and platform-enforced,High,Narrow,3
appgateway,IM-8,Restrict the Exposure of Credential and Secrets — Use Azure Key Vault,False,Not Applicable,upgraded_implemented,now_applicable_native,sslCertificates[*].keyVaultSecretId / identity,appgateway/im_appgateway,check_im8_keyvault_secrets,KV-backed certs + MI → PASS; inline certs → FAIL; no certs → UNKNOWN,High,Narrow,3
appgateway,PA-8,Determine Access Process for Microsoft Support — Customer Lockbox,False,Not Applicable,upgraded_implemented,now_applicable_native,N/A (subscription-level),appgateway/pa_appgateway,check_pa8_customer_lockbox,AppGW in Lockbox supported list (GA); subscription-level only — per-gateway check not available → UNKNOWN,High,Narrow,3
attestation,IM-1,Azure AD Authentication Required for Data Plane Access,True,True,implemented,implemented,N/A — microsoft_managed PASS static,,,"microsoft_managed: platform-enforced, enabled by default, not customer-configurable",High,Narrow,3
attestation,PA-8,Customer Lockbox,True,True,implemented,implemented,N/A — microsoft_managed PASS static,,,microsoft_managed: Customer Lockbox is supported for Azure Attestation; platform-enforced approval workflow for Microsoft support access,High,Narrow,3
attestation,NS-2,Disable Public Network Access,True,True,implemented,implemented,N/A — microsoft_managed PASS static,,,microsoft_managed: Public network access can be disabled on attestation provider; platform enforces when set,High,Narrow,3
attestation,IM-3,Managed Identities,True,True,implemented,implemented,N/A — microsoft_managed PASS static,,,microsoft_managed: Managed Identity supported for attestation requests; system-assigned MI can authenticate to MAA endpoint,High,Narrow,3
attestation,NS-2,Azure Private Link,True,True,implemented,implemented,N/A — microsoft_managed PASS static,,,microsoft_managed: Private endpoint support for Azure Attestation GA; platform-enforced when enabled; blocks public attestation endpoint,High,Narrow,3
attestation,IM-3,Service Principals,True,True,implemented,implemented,N/A — microsoft_managed PASS static,,,microsoft_managed: Service Principals supported for attestation API calls; standard AAD app registration pattern,High,Narrow,3
automation,IM-1,Azure AD Authentication Required for Data Plane Access,True,True,implemented,implemented,N/A — microsoft_managed PASS static,,,microsoft_managed: Azure Automation enforces AAD authentication for runbook execution and management API; always enabled; platform-enforced,High,Narrow,3
automation,IM-8,Service Credential and Secrets Support Integration and Storage in Azure Key Vault,True,True,implemented,implemented,N/A — microsoft_managed PASS static,,,microsoft_managed: Azure Automation Account natively integrates Key Vault for runbook credential and secret management; KV-backed secure assets available by default; platform-enforced,High,Narrow,3
automation,PA-7,Azure RBAC for Data Plane,True,True,implemented,implemented,N/A — microsoft_managed PASS static,,,"microsoft_managed: Azure Automation enforces RBAC for runbook and job operations; built-in roles: Automation Operator, Automation Job Operator, Automation Runbook Operator; platform-enforced access control",High,Narrow,3
automation,IM-3,Managed Identities,True,True,implemented,implemented,N/A — microsoft_managed PASS static,,,microsoft_managed: Azure Automation Account supports system-assigned and user-assigned managed identities; MI replaces deprecated Run As account for runbook authentication; platform-enforced,High,Narrow,3
azurefirewall,NS-1,Virtual Network Integration,True,True,implemented,implemented,ipConfigurations[*].subnet.id contains 'AzureFirewallSubnet',azurefirewall/ns_azurefirewall,check_ns1_vnet,microsoft_managed default True; verify subnet placement via ip_configurations → PASS if AzureFirewallSubnet found,High,Narrow,3
azurefirewall,IM-3,Managed Identities,False,Not Applicable,now_applicable_native,now_applicable_native,identity (SystemAssigned or UserAssigned),azurefirewall/im_azurefirewall,check_im3_managed_identities,Firewall MI used to pull KV cert for Premium TLS inspection; firewall.identity present → PASS (now_applicable_native 2024),High,Narrow,3
azurefirewall,IM-8,Service Credential and Secrets Support Integration and Storage in Azure Key Vault,False,Not Applicable,now_applicable_native,now_applicable_native,transportSecurity.certificateAuthority.keyVaultSecretId,azurefirewall/im_azurefirewall,check_im8_keyvault_secrets,Premium TLS inspection intermediate CA cert stored in KV; key_vault_secret_id set → PASS (now_applicable_native 2024),High,Narrow,3
backup,IM-3,Managed Identities,False,Not Applicable,now_applicable_native,now_applicable_native,vault.identity.type,,,now_applicable_native: MCSB v3 baseline recorded False but Azure Backup gained system-assigned managed identity support (2022+); Recovery Services Vault can use MI for CMK key access and cross-subscription restore; check vault.identity.type for SystemAssigned; script check deferred to later phase,High,Narrow,3
bastion,IM-1,Azure AD Authentication Required for Data Plane Access,True,True,implemented,implemented,N/A — microsoft_managed PASS static,bastion/im_bastion,check_im1_aad_auth,microsoft_managed: Bastion access authenticated via Entra ID through Azure portal; portal session validates identity before Bastion connection; management plane only,High,Narrow,3
customerlockbox,IM-1,Azure AD Authentication Required for Data Plane Access,True,True,implemented,implemented,N/A — microsoft_managed PASS static,,,microsoft_managed: Customer Lockbox portal enforces AAD authentication for approving and denying Microsoft support access requests; always enabled; platform-enforced,High,Narrow,3
customerlockbox,IM-7,Conditional Access for Data Plane,False,Not Applicable,now_applicable_native,now_applicable_native,conditionalAccessPolicy.conditions.applications.includeApplications[AzurePortal],,,now_applicable_native: MCSB v3 baseline recorded False but Conditional Access policies can gate Azure portal access — the only path for Lockbox approval and denial operations; CA policies applied to Azure portal (app ID 00000006-0000-0ff1-ce00-000000000000) effectively enforce CA for all Lockbox operations; script check deferred to later phase,High,Narrow,3
customerlockbox,LT-4,Azure Resource Logs,False,Not Applicable,now_applicable_native,now_applicable_native,ActivityLog.filter(resourceType='Microsoft.CustomerLockbox'),,,now_applicable_native: MCSB v3 baseline recorded False but Customer Lockbox access requests (approvals and denials) are now captured as Activity Log events under Microsoft.CustomerLockbox resource type; auditable via Azure Monitor Activity Log; script check deferred to later phase,High,Narrow,3
frontdoor,NS-2,Native IP Filtering via WAF Policy,True,True,implemented,implemented,frontend_endpoints[*].web_application_firewall_policy_link,frontdoor/ns_frontdoor,check_ns2_waf_policy,WAF policy link on frontend endpoints; any ep.web_application_firewall_policy_link present → PASS; all endpoints without WAF link → FAIL,High,Narrow,3
intelligentrecommendations,IM-1,Azure AD Authentication Required for Data Plane Access,True,True,implemented,implemented,N/A — microsoft_managed PASS static,,,microsoft_managed: Azure Intelligent Recommendations enforces Entra ID authentication for API access; AAD token required for all data plane calls,High,Narrow,3
intelligentrecommendations,IM-1,Azure AD Authentication Required for Data Plane Access,True,True,implemented,implemented,N/A — microsoft_managed PASS static,,,microsoft_managed: Azure Intelligent Recommendations enforces Entra ID authentication for API access; AAD token required for all data plane calls,High,Narrow,3
intelligentrecommendations,IM-3,Service Principals,True,True,implemented,implemented,N/A — microsoft_managed PASS static,,,microsoft_managed: Service Principals supported for Intelligent Recommendations API authentication; standard AAD app-registration pattern,High,Narrow,3
intelligentrecommendations,IM-3,Service Principals,True,True,implemented,implemented,N/A — microsoft_managed PASS static,,,microsoft_managed: Service Principals supported for Intelligent Recommendations API authentication; standard AAD app-registration pattern,High,Narrow,3
lighthouse,LT-4,Azure Resource Logs,False,Not Applicable,now_applicable_native,now_applicable_native,ActivityLog.filter(operationName='Microsoft.ManagedServices/*'),,,"now_applicable_native: MCSB v3 baseline recorded False but Azure Lighthouse now generates Activity Log events for all delegation operations (registration assignments, access grants) under Microsoft.ManagedServices namespace; auditable via Azure Monitor Activity Log queries; script check deferred to later phase",High,Narrow,3
privatelink,NS-1,Virtual Network Integration,True,True,implemented,implemented,N/A — microsoft_managed PASS static,privatelink/ns_privatelink,check_ns1_vnet,Private Endpoint always deployed in customer VNet by definition; VNet integration inherent to PE architecture; microsoft_managed,High,Narrow,3
privatelink,NS-2,Azure Private Link,True,True,implemented,implemented,N/A — microsoft_managed PASS static,privatelink/ns_privatelink,check_ns2_private_link,The assessed service IS Azure Private Link; Private Link support is meta-tautological for this resource type; microsoft_managed,High,Narrow,3
privatelink,NS-2,Disable Public Network Access,True,True,implemented,implemented,N/A — microsoft_managed PASS static,privatelink/ns_privatelink,check_ns2_disable_public,PE has no public endpoint concept; all traffic via private IP in customer VNet; microsoft_managed,High,Narrow,3
redis,IM-1,Azure AD Authentication Required for Data Plane Access,False,Not Applicable,upgraded_implemented,now_applicable_native,properties.disableAccessKeyAuthentication,im_redis,check_im1_aad_auth_required,Microsoft Entra ID authentication GA Nov 2024 for Basic/Standard/Premium tiers (not Enterprise tiers). Disabling access keys and enforcing Entra auth is configurable. Azure Policy built-in: 'Azure Cache for Redis should not use access keys for authentication'. ARM check: properties.disableAccessKeyAuthentication.,High,Narrow,3
redis,PA-7,Azure RBAC for Data Plane,False,Not Applicable,upgraded_implemented,now_applicable_native,Microsoft.Cache/redis/accessPolicies and properties.disableAccessKeyAuthentication,pa_redis,check_pa7_rbac_data_plane,"Entra ID RBAC via ACL-based access policies GA Nov 2024 for Basic/Standard/Premium tiers. Three built-in policies: Data Owner, Data Contributor, Data Reader. Custom policies supported. ARM resources: Microsoft.Cache/redis/accessPolicies and Microsoft.Cache/redis/accessPolicyAssignments. Check disableAccessKeyAuthentication + list access policy assignments.",High,Narrow,3
redis,NS-2,Disable Public Network Access,True,True,implemented,implemented,Microsoft.Cache/Redis/properties/publicNetworkAccess,ns_redis,check_ns2_disable_public_access,microsoft_managed: Azure Cache for Redis enforces public network access disabled by default when Private Link configured; publicNetworkAccess property.,High,Narrow,3
redis,IM-1,Local Authentication Methods for Data Plane Access,True,True,implemented,implemented,see script,im_redis,check_im1_local_auth_methods,microsoft_managed: Azure Cache for Redis uses AAD-based access keys as local auth mechanism; TLS enforced by default.,High,Narrow,3
redis,IM-3,Managed Identities,False,Not Applicable,upgraded_implemented,now_applicable_native,Microsoft.Cache/redis/accessPolicyAssignments (objectId of assigned MI),im_redis,check_im3_managed_identities,"Client applications can authenticate to Redis data plane using managed identity tokens via Entra ID (GA Nov 2024). Additionally, cache-side managed identity for storage connections (persistence/import-export) GA for Premium tier. Check: Entra auth enabled + access policy assignments with MI object IDs. Entra auth required first (IM-1).",High,Narrow,3
redis,IM-3,Service Principals,False,Not Applicable,upgraded_implemented,now_applicable_native,Microsoft.Cache/redis/accessPolicyAssignments (objectId of assigned service principal),im_redis,check_im3_service_principals,Service principals can authenticate to Redis data plane via Entra ID tokens (GA Nov 2024). Same mechanism as managed identities — service principal object ID assigned to access policy. Check: Entra auth enabled + access policy assignments include SP-type objectIds. Entra auth required first (IM-1).,High,Narrow,3
servicebus,IM-1,Use Centralized Identity and Authentication System — Disable Local Auth,False,Not Applicable,upgraded_implemented,now_applicable_native,disableLocalAuth,servicebus/im_servicebus,check_im1_local_auth_methods,disable_local_auth=True disables SAS keys; GA property analogous to Redis disable_access_key_authentication,High,Narrow,3
servicebus,IM-1,Use Centralized Identity and Authentication System — AAD Auth Required,False,Not Applicable,upgraded_implemented,now_applicable_native,disableLocalAuth,servicebus/im_servicebus,check_im1_aad_auth_required,disable_local_auth=True enforces Entra ID as sole auth method for data plane,High,Narrow,3
servicebus,IM-8,Restrict the Exposure of Credential and Secrets — Use Azure Key Vault,False,Not Applicable,upgraded_implemented,now_applicable_native,disableLocalAuth,servicebus/im_servicebus,check_im8_keyvault_secrets,disable_local_auth=True → no SAS connection strings exposed → PASS; False → UNKNOWN (should use KV but not ARM-verifiable),High,Narrow,3
servicebus,PA-1,Separate and Limit Highly Privileged/Administrative Users — Disable Local Admin,False,Not Applicable,upgraded_implemented,now_applicable_native,disableLocalAuth,servicebus/pa_servicebus,check_pa1_local_admin,disable_local_auth=False = SAS Manage-level keys active = local-admin equivalent; True → PASS,High,Narrow,3
servicebus,PA-7,Follow Just Enough Administration Principle — RBAC for Data Plane,False,Not Applicable,upgraded_implemented,now_applicable_native,disableLocalAuth,servicebus/pa_servicebus,check_pa7_rbac_data_plane,disable_local_auth=True = Entra/RBAC data-plane active; full JEA verification requires azure-mgmt-authorization,High,Narrow,3
servicebus,PA-8,Determine Access Process for Microsoft Support — Customer Lockbox,False,Not Applicable,upgraded_implemented,now_applicable_native,N/A (subscription-level),servicebus/pa_servicebus,check_pa8_customer_lockbox,SB in Lockbox supported services list (GA); enablement is subscription-level — per-namespace ARM check not available; always UNKNOWN with rationale,High,Narrow,3
spatialanchors,IM-1,Local Authentication Methods for Data Plane Access,True,True,implemented,implemented,N/A — microsoft_managed PASS static,,,microsoft_managed: Local auth (account key) supported alongside AAD; customers should prefer AAD; deprecated November 2024,High,Narrow,3
universalprint,IM-1,Azure AD Authentication Required for Data Plane Access,True,True,implemented,implemented,N/A — microsoft_managed PASS static,,,microsoft_managed: Universal Print enforces Entra ID authentication for all print operations; AAD required for printer registration and print job submission,High,Narrow,3
vpngateway,NS-1,Network Security Group Support,True,True,implemented,implemented,N/A — microsoft_managed PASS static,vpngateway/ns_vpngateway,check_ns1_nsg,VPN GW subnets are in customer VNet; VNet subnet traffic respects NSG rules by default; microsoft_managed; Note: NSG on GatewaySubnet itself breaks VPN — NSGs protect spoke subnets,High,Narrow,3
vpngateway,NS-1,Virtual Network Integration,True,True,implemented,implemented,N/A — microsoft_managed PASS static,vpngateway/ns_vpngateway,check_ns1_vnet,VPN GW always deployed into customer GatewaySubnet within a VNet; VNet integration inherent; microsoft_managed,High,Narrow,3
vpngateway,IM-3,Managed Identities,False,Not Applicable,now_applicable_native,now_applicable_native,Microsoft.Network/virtualNetworkGateways/identity,vpngateway/im_vpngateway,check_im3_managed_identities,now_applicable_native: VPN Gateway S2S certificate auth requires User-Assigned Managed Identity to access certificates in Azure Key Vault. Source: https://learn.microsoft.com/en-us/azure/vpn-gateway/site-to-site-certificate-authentication-gateway-about,High,Narrow,3
vpngateway,IM-8,Service Credential and Secrets Support Integration in Azure Key Vault,False,Not Applicable,now_applicable_native,now_applicable_native,Microsoft.Network/virtualNetworkGateways/vpnClientConfiguration,vpngateway/im_vpngateway,check_im8_keyvault_secrets,now_applicable_native: VPN Gateway S2S certificate auth stores outbound/inbound certificates in Azure Key Vault; secrets accessed via User-Assigned MI. Source: https://learn.microsoft.com/en-us/azure/vpn-gateway/site-to-site-certificate-authentication-gateway-about,High,Narrow,3
vpngateway,LT-4,Azure Resource Logs,False,Not Applicable,now_applicable_native,now_applicable_native,diagnostic_settings.list(gateway.id),vpngateway/lt_vpngateway,check_lt4_resource_logs,feature_supported=False in original v3 baseline; VPN GW DiagSettings now available; categories: TunnelDiagnosticLog/IKEDiagnosticLog/P2SDiagnosticLog/RouteDiagnosticLog/GatewayDiagnosticLog,High,Narrow,3
vpngateway,PA-7,Azure RBAC for Data Plane,True,True,implemented,implemented,N/A — microsoft_managed PASS static,vpngateway/pa_vpngateway,check_pa7_rbac_data_plane,ARM RBAC enforced by default; feature_supported=True + enabled_by_default=True + microsoft_managed; Network Contributor or custom role,High,Narrow,3
waf,NS-1,Virtual Network Integration,True,True,implemented,implemented,N/A — microsoft_managed PASS static,waf/ns_waf,check_ns1_vnet,App GW (WAF host) always deployed in customer VNet; VNet integration inherent to App GW deployment; microsoft_managed,High,Narrow,3
addds,AM-2,Azure Policy Support,True,True,implemented,implemented,N/A — microsoft_managed PASS static,,,microsoft_managed: Azure Policy governance applies via tags and resource properties; customer cannot configure directly on the ADDDS PaaS control,Medium,Narrow,2
addds,DP-4,Data at Rest Encryption Using Platform Keys,True,True,implemented,implemented,N/A — microsoft_managed PASS static,,,"microsoft_managed: platform-enforced, enabled by default, not customer-configurable",Medium,Narrow,2
addds,BR-1,Service Native Backup Capability,True,True,implemented,implemented,N/A — microsoft_managed PASS static,,,microsoft_managed: ADDDS managed service backup is platform-enforced; frequency determined by SKU (hourly/daily); customer cannot configure,Medium,Narrow,2
appgateway,DP-2,Monitor Anomalies and Threats Targeting Sensitive Data,False,Not Applicable,upgraded_implemented,now_applicable_native,webApplicationFirewallConfiguration.enabled+firewallMode / firewallPolicy,appgateway/dp_appgateway,check_dp2_dlp,WAF Prevention mode → traffic inspection/anomaly detection active → PASS proxy,Medium,Narrow,2
appgateway,DP-4,Encrypt Data at Rest with Platform-Managed Keys,True,True,implemented,implemented,N/A (inherent — MS-managed),appgateway/dp_appgateway,check_dp4_platform_keys,AppGW configuration encrypted at rest with MS-managed keys by default — auto-PASS (static),Medium,Narrow,2
appgateway,DP-6,Manage Cryptographic Keys using Key Management Service,False,Not Applicable,upgraded_implemented,now_applicable_native,sslCertificates[*].keyVaultSecretId / identity,appgateway/dp_appgateway,check_dp6_key_mgmt,KV-backed certs (key_vault_secret_id) + MI assigned → PASS proxy; inline certs → FAIL,Medium,Narrow,2
appgateway,DP-7,Certificate Management using Azure Key Vault,False,Not Applicable,upgraded_implemented,now_applicable_native,sslCertificates[*].keyVaultSecretId,appgateway/dp_appgateway,check_dp7_cert_kv,key_vault_secret_id set on any ssl_certificate → PASS; inline certs → FAIL,Medium,Narrow,2
attestation,AM-2,Azure Policy Support,True,True,implemented,implemented,N/A — microsoft_managed PASS static,,,"microsoft_managed: platform-enforced, enabled by default, not customer-configurable",Medium,Narrow,2
attestation,DP-4,Data at Rest Encryption Using Platform Keys,True,True,implemented,implemented,N/A — microsoft_managed PASS static,,,"microsoft_managed: platform-enforced, enabled by default, not customer-configurable",Medium,Narrow,2
attestation,DP-3,Data in Transit Encryption,True,True,implemented,implemented,N/A — microsoft_managed PASS static,,,"microsoft_managed: platform-enforced, enabled by default, not customer-configurable",Medium,Narrow,2
automation,AM-2,Azure Policy Support,True,True,implemented,implemented,N/A — microsoft_managed PASS static,,,microsoft_managed: Azure Policy governance applies to Automation Accounts via Azure Resource Manager; policy assignments enforced platform-side,Medium,Narrow,2
automation,DP-4,Data at Rest Encryption Using Platform Keys,True,True,implemented,implemented,N/A — microsoft_managed PASS static,,,"microsoft_managed: Azure Automation Account encrypts all stored data (runbooks, credentials, connection assets) at rest using Microsoft-managed keys by default; platform-enforced",Medium,Narrow,2
automation,DP-3,Data in Transit Encryption,True,True,implemented,implemented,N/A — microsoft_managed PASS static,,,microsoft_managed: Azure Automation enforces TLS 1.2+ for all API and webhook traffic; platform-enforced,Medium,Narrow,2
azurefirewall,DP-4,Data at Rest Encryption Using Platform Keys,True,True,implemented,implemented,N/A (Microsoft-managed),azurefirewall/dp_azurefirewall,check_dp4_platform_keys,microsoft_managed default; derived certs and backend state encrypted with platform keys → PASS static,Medium,Narrow,2
azurefirewall,DP-6,Key Management in Azure Key Vault,False,Not Applicable,now_applicable_native,now_applicable_native,transportSecurity.certificateAuthority.keyVaultSecretId + identity,azurefirewall/dp_azurefirewall,check_dp6_key_mgmt,Premium TLS inspection uses KV-stored intermediate CA cert; 2024 GA — Premium SKU + KV secret ID + MI → PASS,Medium,Narrow,2
backup,BR-1,Azure Backup,True,True,implemented,implemented,N/A — microsoft_managed PASS static,,,"microsoft_managed: Azure Backup IS the backup product; vault enforces backup policies, retention, and recovery points; platform-enforced; row 1 of 2 duplicate entries in source xlsx",Medium,Narrow,2
backup,BR-1,Azure Backup,True,True,implemented,implemented,N/A — microsoft_managed PASS static,,,microsoft_managed: Azure Backup vault backup capability confirmed; row 2 of 2 duplicate entries in source xlsx; preserved as-is from source,Medium,Narrow,2
backup,AM-2,Azure Policy Support,True,True,implemented,implemented,N/A — microsoft_managed PASS static,,,microsoft_managed: Azure Policy governance applies to Recovery Services Vault via tags and resource properties; platform-enforced,Medium,Narrow,2
backup,DP-4,Data at Rest Encryption Using Platform Keys,True,True,implemented,implemented,N/A — microsoft_managed PASS static,,,microsoft_managed: Azure Backup vault encrypts all backup data at rest using Microsoft-managed keys by default; platform-enforced,Medium,Narrow,2
backup,DP-3,Data in Transit Encryption,True,True,implemented,implemented,N/A — microsoft_managed PASS static,,,microsoft_managed: Azure Backup enforces TLS 1.2 for all data transfer between backup agents and vault; platform-enforced,Medium,Narrow,2
bastion,DP-3,Data in Transit Encryption,True,True,implemented,implemented,N/A — microsoft_managed PASS static,bastion/dp_bastion,check_dp3_tls_transit,microsoft_managed: Bastion enforces TLS 1.2 for browser-to-bastion (HTTPS) and bastion-to-VM (RDP/SSH over TLS); platform-enforced; no customer config required,Medium,Narrow,2
botservice,DP-4,Data at Rest Encryption Using Platform Keys,True,True,implemented,implemented,N/A — microsoft_managed PASS static,,,"microsoft_managed: platform-enforced, enabled by default, not customer-configurable",Medium,Narrow,2
botservice,DP-3,Data in Transit Encryption,True,True,implemented,implemented,N/A — microsoft_managed PASS static,,,"microsoft_managed: platform-enforced, enabled by default, not customer-configurable",Medium,Narrow,2
cloudshell,DP-3,Data in Transit Encryption,True,True,implemented,implemented,N/A — microsoft_managed PASS static,,,microsoft_managed: Cloud Shell enforces HTTPS/TLS for all browser-to-session traffic; platform-enforced; not customer-configurable,Medium,Narrow,2
customerlockbox,AM-2,Azure Policy Support,False,Not Applicable,now_applicable_native,now_applicable_native,subscription.policy.assignments[name='customer-lockbox'],,,now_applicable_native: MCSB v3 baseline recorded False but Azure Policy built-in definition 'Customer Lockbox should be enabled for your subscription' (Policy ID: ca6d0de3-aca0-4a46-9f73-69a31e1fa3e6) now exists for auditing Lockbox enablement; script check deferred to later phase,Medium,Narrow,2
customerlockbox,DP-3,Data in Transit Encryption,False,Not Applicable,now_applicable_native,now_applicable_native,N/A — microsoft_managed PASS static,,,now_applicable_native: MCSB v3 baseline recorded False but Customer Lockbox is accessed exclusively via Azure portal which enforces TLS 1.2 for all traffic; microsoft_managed TLS enforcement applies to all Lockbox approval and denial operations; script check deferred to later phase,Medium,Narrow,2
firewallmanager,DP-3,Data in Transit Encryption,True,True,implemented,implemented,platform (HTTPS/TLS 1.2+ enforced by ARM),firewallmanager/dp_firewallmanager,check_dp3_tls_transit,feature_supported=True enabled_by_default=True → PASS static (microsoft_managed); ARM API uses HTTPS/TLS; platform-enforced,Medium,Narrow,2
firewallmanager,DP-4,Data at Rest Encryption Using Platform Keys,True,Not Applicable,implemented,implemented,platform (microsoft-managed keys),firewallmanager/dp_firewallmanager,check_dp4_platform_keys,Policy config encrypted at rest by platform-managed keys by default → PASS static (microsoft_managed),Medium,Narrow,2
frontdoor,DP-3,Data in Transit Encryption,True,True,implemented,implemented,N/A (platform-enforced),frontdoor/dp_frontdoor,check_dp3_tls_transit,TLS/HTTPS enforced end-to-end by AFD platform; frontend-to-AFD and AFD-to-backend HTTPS enforced; platform-managed; PASS static,Medium,Narrow,2
frontdoor,DP-4,Data at Rest Encryption Using Platform Keys,True,True,implemented,implemented,N/A (platform-enforced),frontdoor/dp_frontdoor,check_dp4_platform_keys,AFD configuration metadata encrypted at rest with Microsoft-managed keys; platform-enforced; PASS static,Medium,Narrow,2
frontdoor,AM-2,Use Only Approved Azure Services — Azure Policy,True,True,implemented,implemented,fd.tags,frontdoor/am_frontdoor,check_am2_policy,Live tags proxy; tags present → PASS; empty tags → FAIL; note AFD is a globally distributed resource — tag governance important,Medium,Narrow,2
intelligentrecommendations,DP-4,Data at Rest Encryption Using Platform Keys,True,True,implemented,implemented,N/A — microsoft_managed PASS static,,,microsoft_managed: Customer content at rest encrypted with Microsoft-managed keys by default; platform-enforced,Medium,Narrow,2
intelligentrecommendations,DP-3,Data in Transit Encryption,True,True,implemented,implemented,N/A — microsoft_managed PASS static,,,microsoft_managed: TLS 1.2 enforced for all API traffic; platform-enforced,Medium,Narrow,2
lighthouse,DP-4,Data at Rest Encryption Using Platform Keys,True,True,implemented,implemented,N/A — microsoft_managed PASS static,,,microsoft_managed: Azure Lighthouse delegation metadata and registration definitions encrypted at rest using Microsoft-managed keys; platform-enforced,Medium,Narrow,2
lighthouse,DP-3,Data in Transit Encryption,True,True,implemented,implemented,N/A — microsoft_managed PASS static,,,microsoft_managed: All Azure Lighthouse ARM management API calls enforce TLS 1.2+; delegation operations use HTTPS exclusively; platform-enforced,Medium,Narrow,2
networkwatcher,DP-3,Data in Transit Encryption,True,True,implemented,implemented,platform (HTTPS/TLS 1.2+ enforced by ARM),networkwatcher/dp_networkwatcher,check_dp3_tls_transit,feature_supported=True enabled_by_default=True → PASS static (microsoft_managed); NW mgmt API uses HTTPS/TLS; platform-enforced,Medium,Narrow,2
redis,DP-4,Data at Rest Encryption Using Platform Keys,True,True,implemented,implemented,see script,dp_redis,check_dp4_platform_keys,microsoft_managed: Azure Cache for Redis encrypts all data at rest using platform-managed keys by default.,Medium,Narrow,2
redis,DP-3,Data in Transit Encryption,True,True,implemented,implemented,see script,dp_redis,check_dp3_tls_transit,microsoft_managed: Azure Cache for Redis enforces TLS 1.2 for all data in transit by default.,Medium,Narrow,2
servicebus,DP-2,Monitor Anomalies and Threats Targeting Sensitive Data,False,Not Applicable,upgraded_implemented,now_applicable_native,publicNetworkAccess,servicebus/dp_servicebus,check_dp2_dlp,public_network_access=Disabled → exfil surface restricted → PASS; no native DLP product for SB message bodies,Medium,Narrow,2
servicebus,DP-4,Encrypt Data at Rest with Platform-Managed Keys,True,True,implemented,implemented,N/A (inherent — all SKUs),servicebus/dp_servicebus,check_dp4_platform_keys,All SKUs (Basic/Standard/Premium) encrypted with MS-managed keys by default — auto-PASS (static),Medium,Narrow,2
servicebus,DP-6,Manage Cryptographic Keys using Key Management Service,False,Not Applicable,upgraded_implemented,now_applicable_native,encryption.keySource,servicebus/dp_servicebus,check_dp6_key_mgmt,Premium SKU uses KV for CMK key management; ARM-checkable; non-Premium → UNKNOWN,Medium,Narrow,2
siterecovery,DP-4,Data at Rest Encryption Using Platform Keys,True,True,implemented,implemented,N/A — microsoft_managed PASS static,,,microsoft_managed: Recovery Services Vault encrypts replication data at rest using Microsoft-managed keys by default; platform-enforced,Medium,Narrow,2
siterecovery,DP-3,Data in Transit Encryption,True,True,implemented,implemented,N/A — microsoft_managed PASS static,,,"microsoft_managed: Site Recovery enforces TLS 1.2+ for all replication traffic between source, vault, and target; platform-enforced",Medium,Narrow,2
siterecovery,BR-1,Service Native Backup Capability,True,True,implemented,implemented,N/A — microsoft_managed PASS static,,,"microsoft_managed: Azure Site Recovery IS the native DR and replication capability; platform-enforced replication, failover, and test DR orchestration; service core function",Medium,Narrow,2
spatialanchors,DP-4,Data at Rest Encryption Using Platform Keys,True,True,implemented,implemented,N/A — microsoft_managed PASS static,,,"microsoft_managed: platform-enforced, enabled by default, not customer-configurable; deprecated November 2024",Medium,Narrow,2
spatialanchors,DP-3,Data in Transit Encryption,True,True,implemented,implemented,N/A — microsoft_managed PASS static,,,"microsoft_managed: platform-enforced, enabled by default, not customer-configurable; deprecated November 2024",Medium,Narrow,2
universalprint,DP-5,Data at Rest Encryption Using CMK,True,True,implemented,implemented,N/A — microsoft_managed PASS static,,,microsoft_managed: Universal Print supports Customer Key for Microsoft 365 encryption; platform-enforced CMK applied via Microsoft 365 compliance admin center,Medium,Narrow,2
universalprint,DP-4,Data at Rest Encryption Using Platform Keys,True,True,implemented,implemented,N/A — microsoft_managed PASS static,,,"microsoft_managed: platform-enforced, enabled by default, not customer-configurable",Medium,Narrow,2
universalprint,DP-3,Data in Transit Encryption,True,True,implemented,implemented,N/A — microsoft_managed PASS static,,,"microsoft_managed: platform-enforced, enabled by default, not customer-configurable",Medium,Narrow,2
vpngateway,DP-3,Data in Transit Encryption,True,True,implemented,implemented,N/A — microsoft_managed PASS static,vpngateway/dp_vpngateway,check_dp3_tls_transit,IPsec/IKEv2 encryption is core function of VPN GW; all tunnel traffic always encrypted; microsoft_managed,Medium,Narrow,2
vpngateway,DP-7,Certificate Management in Azure Key Vault,False,Not Applicable,now_applicable_native,now_applicable_native,Microsoft.Network/virtualNetworkGateways/vpnClientConfiguration,vpngateway/dp_vpngateway,check_dp7_cert_kv,now_applicable_native: VPN Gateway S2S certificate authentication stores X.509 certificates in Azure Key Vault; gateway accesses them via User-Assigned MI. Source: https://learn.microsoft.com/en-us/azure/vpn-gateway/site-to-site-certificate-authentication-gateway-about,Medium,Narrow,2
spatialanchors,,Local Authentication Methods for Data Plane Access,True,True,implemented,implemented,N/A — microsoft_managed PASS static,,,microsoft_managed: Local auth keys supported for Spatial Anchors SDK; source xlsx row has missing ASB control ID; deprecated November 2024,Low,Narrow,1
